id,owner,vehicleName,vehicleType,capacity,vehicleOwner,ownerAdd,mobNo,telNo,vehicleNo,description,make,modelType,chassisNo,engineNo,pANNo,RoadTax,RegNo,regDate,PolicyNo,Warranty,PurchaseDate,ExpiryDate,Duration,OwnVehicle,DriverID,createdBy
3,1003,SFC 407 TURBO,4,2200 KG,,,,,MH-16.AY-7991,,SFC 407 TURBO,,MAT455221G8417016,497SP67GTY624197,,,,,,,,,,,,System
4,1004,,,,,,,,MH-42 B-8950,,,,,,,,,,,,,,,,,System
5,1005,,,,,,,,MH42 B-7538,,,,,,,,,,,,,,,,,System
7,,,,,,,,,`,,,,,,,,,,,,,,,,,System
8,1006,,,,,,,,MH42B8640,,,,,,,,,,,,,,,,,System
9,1007,,,,,,,,MH42T0944,,,,,,,,,,,,,,,,,System
10,1008,,,,,,,,MH42B8950,,,,,,,,,,,,,,,,,System
11,1009,,,,,,,,MH42B8127,,,,,,,,,,,,,,,,,System
12,1076,,3,,,,,,MH42T0114,,,,,,,,,,,,,,,,,System
13,1011,,,,,,,,MH12PQ1378,,,,,,,,,,,,,,,,,System
14,1012,,,,,,,,MH12NX2571,,,,,,,,,,,,,,,,,System
15,1013,,,,,,,,MH04BG3555,,,,,,,,,,,,,,,,,System
16,1014,,,,,,,,MH12QA6207,,,,,,,,,,,,,,,,,System
17,1015,,,,,,,,MH42M5824,,,,,,,,,,,,,,,,,System
18,,,,,,,,,5744,,,,,,,,,,,,,,,,,System
19,1016,,8,1.5,,,,,MH16CC4112,,,,,,,,,,,,,,,,,System
20,1017,,7,,,,,,MH12PQ7583,,,,,,,,,,,,,,,,,System
21,1018,,7,,,,,,MH42M5613,,,,,,,,,,,,,,,,,System
22,,,,,,,,,296,,,,,,,,,,,,,,,,,System
23,1019,,,,,,,,MH45D5596,,,,,,,,,,,,,,,,,System
24,1020,,8,,,,,,MH42N8805 ,,,,,,,,,,,,,,,,,System
25,1021,,,,,,,,MH 42 B 9608,,,,,,,,,,,,,,,,,System
26,1022,,,,,,,,MH42M8805,,,,,,,,,,,,,,,,,System
27,1023,,,,,,,,MH12GT4023,,,,,,,,,,,,,,,,,System
28,1024,,,,,,,,MH-42 B-8950.,,,,,,,,,,,,,,,,,System
29,1025,,,,,,,,MH42K7271,,,,,,,,,,,,,,,,,System
30,,,,,,,,,A,,,,,,,,,,,,,,,,,System
31,,,,,,,,,MH42AY7991,,,,,,,,,,,,,,,,,System
32,1026,,,,,,,,MH42B8972,,,,,,,,,,,,,,,,,System
33,1027,,,,,,,,MH11AL6467,,,,,,,,,,,,,,,,,System
34,1028,,,,,,,,MH.42.AQ.9972,,,,,,,,,,,,,,,,,System
35,1029,,,,,,,,MH12NX8572,,,,,,,,,,,,,,,,,System
36,1030,,,,,,,,MH13AX3850,,,,,,,,,,,,,,,,,System
37,1031,,,,,,,,MH16AY7991,,,,,,,,,,,,,,,,,System
38,1032,,,,,,,,MH12HD1959,,,,,,,,,,,,,,,,,System
39,1033,,,,,,,,MH11AN6467,,,,,,,,,,,,,,,,,System
40,,,,,,,,,988/929/990,,,,,,,,,,,,,,,,,System
41,1034,,,,,,,,MH.12.HD.1959,,,,,,,,,,,,,,,,,System
42,1035,,,,,,,,MH12RN6003,,,,,,,,,,,,,,,,,System
43,1036,,,,,,,,MH42AQ4405,,,,,,,,,,,,,,,,,System
44,1037,,,,,,,,MH13AY3741,,,,,,,,,,,,,,,,,System
45,1038,,,,,,,,MH12GT5386,,,,,,,,,,,,,,,,,System
46,1039,,,,,,,,MH20PT7625,,,,,,,,,,,,,,,,,System
47,1040,,,,,,,,MH12BG0769,,,,,,,,,,,,,,,,,System
48,1041,,,,,,,,MH42B7538,,,,,,,,,,,,,,,,,System
49,1042,,8,1,,,,,MH42AQ1668.,,,,,,,,,,,,,,,,,System
50,,,,,,,,,E,,,,,,,,,,,,,,,,,System
51,1043,,,,,,,,MH12MV0853,,,,,,,,,,,,,,,,,System
52,1044,,,,,,,,MH12EG9206,,,,,,,,,,,,,,,,,System
53,1045,,,,,,,,MH45AF1361,,,,,,,,,,,,,,,,,System
54,1046,,,,,,,,MH.24.AU.4264,,,,,,,,,,,,,,,,,System
55,1046,,8,1.5,,,,,MH24AU4264,,,,,,,,,,,,,,,,,System
56,1048,,,,,,,,MH13CU4257,,,,,,,,,,,,,,,,,System
57,1049,,,,,,,,MH12DG0769,,,,,,,,,,,,,,,,,System
58,1050,,,,,,,,MH12DG0464,,,,,,,,,,,,,,,,,System
59,1051,,,,,,,,MH13AX4089,,,,,,,,,,,,,,,,,System
60,,,,,,,,,MH42B9776,,,,,,,,,,,,,,,,,System
61,1052,,,,,,,,MH11CH0633,,,,,,,,,,,,,,,,,System
62,1053,,,,,,,,MH44/9054,,,,,,,,,,,,,,,,,System
63,1054,,,,,,,,MH12CT8474,,,,,,,,,,,,,,,,,System
64,1055,,,,,,,,MH12PQ5375,,,,,,,,,,,,,,,,,System
65,1056,,,,,,,,MH12JF1866,,,,,,,,,,,,,,,,,System
66,1057,,,,,,,,XYZ,,,,,,,,,,,,,,,,,System
67,1058,,,,,,,,MH45-1659,,,,,,,,,,,,,,,,,System
68,1059,,,,,,,,MH12GT7333,,,,,,,,,,,,,,,,,System
69,1060,,,,,,,,MH42AQ1757,,,,,,,,,,,,,,,,,System
70,1061,,,,,,,,MH12QW9563,,,,,,,,,,,,,,,,,System
71,1062,,,,,,,,MH16CC7992,,,,,,,,,,,,,,,,,System
72,1063,,,,,,,,MH12QG6630,,,,,,,,,,,,,,,,,System
73,,,,,,,,,7242,,,,,,,,,,,,,,,,,System
74,1064,,,,,,,,MH25U1245,,,,,,,,,,,,,,,,,System
75,1065,,,,,,,,MH12PQ6500 ,,,,,,,,,,,,,,,,,System
76,1066,,,,,,,,MH42WQ8452,,,,,,,,,,,,,,,,,System
77,1067,,,,,,,,MH12 AQ 1009,,,,,,,,,,,,,,,,,System
78,1068,,,,,,,,MH 12 GT 7681,,,,,,,,,,,,,,,,,System
79,1069,,,,,,,,MH45-9891,,,,,,,,,,,,,,,,,System
80,1070,,,,,,,,MH 12 EQ 1009,,,,,,,,,,,,,,,,,System
81,1071,,,,,,,,MH12EQ1009,,,,,,,,,,,,,,,,,System
82,1072,,,,,,,,MH12GT7681,,,,,,,,,,,,,,,,,System
83,1073,,,,,,,,MH12CU8541,,,,,,,,,,,,,,,,,System
84,1074,,,,,,,,MH45AF1854,,,,,,,,,,,,,,,,,System
85,1075,,,,,,,,MH04CP6079,,,,,,,,,,,,,,,,,System
86,1076,,,,,,,,MH12 PQ 1378,,,,,,,,,,,,,,,,,System
87,1077,,,,,,,,MHQG3135,,,,,,,,,,,,,,,,,System
88,,,,,,,,,/,,,,,,,,,,,,,,,,,System
89,1078,,,,,,,,MH13CJ3786,,,,,,,,,,,,,,,,,System
90,1079,,,,,,,,MH42AQ6308,,,,,,,,,,,,,,,,,System
91,1080,,,,,,,,MH10AQ1030,,,,,,,,,,,,,,,,,System
92,1081,,,,,,,,MH12GT6378,,,,,,,,,,,,,,,,,System
93,2160,,8,,,,,,MH12LT3428,,,,,,,,,,,,,,,,,System
94,1084,,,,,,,,MH12HD8369,,,,,,,,,,,,,,,,,System
95,1085,,,,,,,,MH11CH9460,,,,,,,,,,,,,,,,,System
96,1086,,,,,,,,MH12EQ6882,,,,,,,,,,,,,,,,,System
97,1087,,,,,,,,MH13CU8541,,,,,,,,,,,,,,,,,System
98,1088,,,,,,,,MH.12.DG.769,,,,,,,,,,,,,,,,,System
99,1089,,,,,,,,MH12QW7882,,,,,,,,,,,,,,,,,System
100,,,,,,,,,27,,,,,,,,,,,,,,,,,System
101,1090,,,,,,,,MH22N2499,,,,,,,,,,,,,,,,,System
102,1091,,,,,,,,MH42B1582,,,,,,,,,,,,,,,,,System
103,1092,,,,,,,,MH12FZ9497,,,,,,,,,,,,,,,,,System
104,1093,,,,,,,,MH09CA0573,,,,,,,,,,,,,,,,,System
105,1094,,,,,,,,MH42B9031,,,,,,,,,,,,,,,,,System
106,,,,,,,,,1738,,,,,,,,,,,,,,,,,System
107,,,7,,,,,,MH12DT8853,,,,,,,,,,,,,,,,,System
108,1096,,,,,,,,MH10Z3517,,,,,,,,,,,,,,,,,System
109,1097,,8,,,,,,MH42AQ5630,,,,,,,,,,,,,,,,,System
110,1098,,,,,,,,MH12NX7841,,,,,,,,,,,,,,,,,System
111,2158,,8,,,,,,MH45AF3701,,,,,,,,,,,,,,,,,System
112,1100,,,,,,,,MH11AL2066,,,,,,,,,,,,,,,,,System
113,1101,,,,,,,,MHCU1463,,,,,,,,,,,,,,,,,System
114,1099,,8,,,,,,MH42AQ6741,,,,,,,,,,,,,,,,,System
115,3,,7,,,,,,MH42AQ6971,,,,,,,,,,,,,,,,,System
116,1103,,,,,,,,MH04FT6215,,,,,,,,,,,,,,,,,System
117,1104,,,,,,,,MH13AX4350,,,,,,,,,,,,,,,,,System
118,1105,,,,,,,,MH04FP6215,,,,,,,,,,,,,,,,,System
119,1106,,,,,,,,MH12HD2984,,,,,,,,,,,,,,,,,System
120,1107,,7,,,,,,MH12PQ8207,,,,,,,,,,,,,,,,,System
121,1108,,,,,,,,MH12RN9132,,,,,,,,,,,,,,,,,System
122,1109,,,,,,,,MH20W8572,,,,,,,,,,,,,,,,,System
123,1110,,,,,,,,MH11CH8056,,,,,,,,,,,,,,,,,System
124,1111,,,,,,,,MH12HC0394,,,,,,,,,,,,,,,,,System
125,1112,,5,,,,,,MH12HD6140,,,,,,,,,,,,,,,,,System
126,1113,,,,,,,,MH42AQ1668,,,,,,,,,,,,,,,,,System
127,1114,,,,,,,,MH12RN7632,,,,,,,,,,,,,,,,,System
128,1115,,,,,,,,MH42AQ7614,,,,,,,,,,,,,,,,,System
129,1116,,,,,,,,MH13CU9496,,,,,,,,,,,,,,,,,System
130,,,,,,,,,---,,,,,,,,,,,,,,,,,System
131,1117,,,,,,,,MH13R3990,,,,,,,,,,,,,,,,,System
132,1118,,,,,,,,MH13R928,,,,,,,,,,,,,,,,,System
133,,,,,,,,,0,,,,,,,,,,,,,,,,,System
134,1119,,,,,,,,MH12SX1795,,,,,,,,,,,,,,,,,System
135,1120,,,,,,,,MH13DQ0473,,,,,,,,,,,,,,,,,System
136,1121,,8,,,,,,MH45T3171,,,,,,,,,,,,,,,,,System
137,1122,,,,,,,,MH13R2384,,,,,,,,,,,,,,,,,System
138,1123,,,,,,,,MH13R0928,,,,,,,,,,,,,,,,,System
139,1124,,,,,,,,MH45AF7003,,,,,,,,,,,,,,,,,System
140,1125,,,,,,,,MH45T0927,,,,,,,,,,,,,,,,,System
141,1126,,,,,,,,MH10Z2432,,,,,,,,,,,,,,,,,System
142,1127,,,,,,,,MH14AU1472,,,,,,,,,,,,,,,,,System
143,,,,,,,,,``````````````````````````````````````````````````````````````````````,,,,,,,,,,,,,,,,,System
144,1128,,,,,,,,MH13AX4296,,,,,,,,,,,,,,,,,System
145,,,,,,,,,7,,,,,,,,,,,,,,,,,System
146,1129,,,,,,,,MH12SX6630,,,,,,,,,,,,,,,,,System
147,1130,,,,,,,,MH45T4174,,,,,,,,,,,,,,,,,System
148,,,,,,,,,KAILAS CHORMALE,,,,,,,,,,,,,,,,,System
149,1131,,,,,,,,MH25U2837,,,,,,,,,,,,,,,,,System
150,,,,,,,,,4,,,,,,,,,,,,,,,,,System
151,,,,,,,,,-,,,,,,,,,,,,,,,,,System
152,1132,,,,,,,,MH11M5206,,,,,,,,,,,,,,,,,System
153,1133,,,,,,,,MH12AQ6630,,,,,,,,,,,,,,,,,System
154,1134,,,,,,,,MH12DT3955,,,,,,,,,,,,,,,,,System
155,1135,,,,,,,,MH-42M5613,,,,,,,,,,,,,,,,,System
156,1136,,,,,,,,MH 42 M5613,,,,,,,,,,,,,,,,,System
157,4191,,8,,,,,,MH13CU2479,,,,,,,,,,,,,,,,,System
158,1138,,,,,,,,MH 42AK1668,,,,,,,,,,,,,,,,,System
159,1139,,,,,,,,MH12DT2927,,,,,,,,,,,,,,,,,System
160,,,,,,,,,MH42HD6140,,,,,,,,,,,,,,,,,System
1160,,,,,,,,,6,,,,,,,,,,,,,,,,,System
1161,1140,,8,,,,,,MH12SF1374,,,,,,,,,,,,,,,,,System
1162,1141,,8,,,,,,MH45AF3557,,,,,,,,,,,,,,,,,System
1163,1142,,,,,,,,MH13PU9496,,,,,,,,,,,,,,,,,System
1164,1143,,8,,,,,,MH42AQ6280,,,,,,,,,,,,,,,,,System
1165,1144,,8,,,,,,MH12QW3464,,,,,,,,,,,,,,,,,System
1166,1145,,,,,,,,MH25AJ7166,,,,,,,,,,,,,,,,,System
1167,,,,,,,,,20,,,,,,,,,,,,,,,,,System
1168,,,,,,,,,Q,,,,,,,,,,,,,,,,,System
1169,1146,,,,,,,,MH42E7900,,,,,,,,,,,,,,,,,System
1170,1147,,,,,,,,MH43E7900,,,,,,,,,,,,,,,,,System
1171,1148,,,,,,,,MH 12 SX 2494,,,,,,,,,,,,,,,,,System
1172,1149,,,,,,,,MH12AY7991,,,,,,,,,,,,,,,,,System
1173,1150,,,,,,,,MH12SX0194,,,,,,,,,,,,,,,,,System
1174,1151,,,,,,,,MH42M7013,,,,,,,,,,,,,,,,,System
1175,,,,,,,,,5,,,,,,,,,,,,,,,,,System
1176,1152,,,,,,,,MH11AL1995,,,,,,,,,,,,,,,,,System
1177,,,,,,,,,8,,,,,,,,,,,,,,,,,System
1178,1153,,,,,,,,MH12SX2496,,,,,,,,,,,,,,,,,System
1179,1154,,,,,,,,MH13AX7328,,,,,,,,,,,,,,,,,System
1180,1155,,8,,,,,,MH42M9392,,,,,,,,,,,,,,,,,System
2178,,,,,,,,,ADITYA ENTERPRISES,,,,,,,,,,,,,,,,,System
2179,1076,,3,,,,,,MH12SX7471,,,,,,,,,,,,,,,,,System
2180,,,,,,,,,3,,,,,,,,,,,,,,,,,System
2181,2153,,,,,,,,MH12SF4902,,,,,,,,,,,,,,,,,System
2182,2154,,,,,,,,MH12QG7510,,,,,,,,,,,,,,,,,System
2183,2155,,,,,,,,MH42 B 8640,,,,,,,,,,,,,,,,,System
2184,2156,,,,,,,,MH12PQ2553,,,,,,,,,,,,,,,,,System
2185,1115,,8,,,,,,MH42AQ3083,,,,,,,,,,,,,,,,,System
2186,2157,,3,,,,,,9604240830,,,,,,,,,,,,,,,,,System
2187,2157,,3,,,,,,MH04FP0584,,,,,,,,,,,,,,,,,System
2188,1115,,8,,,,,,MH45AE3701,,,,,,,,,,,,,,,,,System
2189,,,,,,,,,1,,,,,,,,,,,,,,,,,System
2190,2158,,8,,,,,,MH45AF0216,,,,,,,,,,,,,,,,,System
2191,2159,,8,,,,,,MH45T3683,,,,,,,,,,,,,,,,,System
2192,,,,,,,,,59,,,,,,,,,,,,,,,,,System
2193,,,,,,,,,~,,,,,,,,,,,,,,,,,System
2194,,,,,,,,,2,,,,,,,,,,,,,,,,,System
2195,,,,,,,,,CONC,,,,,,,,,,,,,,,,,System
2196,,,,,,,,,9,,,,,,,,,,,,,,,,,System
2197,2161,,8,,,,,,MHY12QG8349,,,,,,,,,,,,,,,,,System
2198,2161,,8,,,,,,MH12QG8349,,,,,,,,,,,,,,,,,System
2199,2162,,8,,,,,,MH42AQ4775,,,,,,,,,,,,,,,,,System
2200,2163,,5,,,,,,MH12LT9313,,,,,,,,,,,,,,,,,System
2201,2164,,8,,,,,,MH42M5503,,,,,,,,,,,,,,,,,System
2202,2165,,,,,,,,MH12SX3913,,,,,,,,,,,,,,,,,System
2203,2161,,8,,,,,,MH14HQ9809,,,,,,,,,,,,,,,,,System
2204,2166,,,,,,,,MH12QW3165,,,,,,,,,,,,,,,,,System
2205,3,,3,,,,,,MH42AQ9671,,,,,,,,,,,,,,,,,System
2206,2167,,,,,,,,MH42T7776,,,,,,,,,,,,,,,,,System
2207,2168,,,,,,,,MH42AQ9571,,,,,,,,,,,,,,,,,System
2208,2169,,,,,,,,MH42 M 5613,,,,,,,,,,,,,,,,,System
2209,2170,,,,,,,,MH12HX7471,,,,,,,,,,,,,,,,,System
2210,2171,,8,,,,,,MH45AF6237,,,,,,,,,,,,,,,,,System
2211,2172,,,,,,,,MH42 T0114,,,,,,,,,,,,,,,,,System
2213,2174,,,,,,,,MH12 SX7471,,,,,,,,,,,,,,,,,System
2214,2175,,,,,,,,MH12 QG6630,,,,,,,,,,,,,,,,,System
2217,2178,,,,,,,,MH12 AQ5375,,,,,,,,,,,,,,,,,System
2218,2179,,8,,,,,,MH45AF4506,,,,,,,,,,,,,,,,,System
3218,3179,,8,,,,,,MH45T3570,,,,,,,,,,,,,,,,,System
3219,3180,,5,,,,,,MH12UA6855,,,,,,,,,,,,,,,,,System
3220,4212,,8,,,,,,MH45AF7803,,,,,,,,,,,,,,,,,System
3221,3182,,3,,,,,,MH12CH5333,,,,,,,,,,,,,,,,,System
3222,3183,,8,,,,,,MH45AF5285,,,,,,,,,,,,,,,,,System
3223,2166,,5,,,,,,MH12QW3167,,,,,,,,,,,,,,,,,System
3224,3184,,8,,,,,,MH45T2008,,,,,,,,,,,,,,,,,System
3225,3185,,,,,,,,MH12 EQ 1009,,,,,,,,,,,,,,,,,System
3226,3186,,,,,,,,MH12SX1843,,,,,,,,,,,,,,,,,System
3227,3187,,,,,,,,MH12TV2588,,,,,,,,,,,,,,,,,System
3228,3188,,,,,,,,MH12QG0464,,,,,,,,,,,,,,,,,System
3229,3189,,3,,,,,,MH42T0938,,,,,,,,,,,,,,,,,System
3230,3190,,,,,,,,MH42T8127,,,,,,,,,,,,,,,,,System
3231,3191,,,,,,,,MH12EQ5299,,,,,,,,,,,,,,,,,System
3232,3192,,8,,,,,,MH12NW8431,,,,,,,,,,,,,,,,,System
4231,4192,,5,,,,,,MH10Z1138,,,,,,,,,,,,,,,,,System
4232,4193,,,,,,,,MH12 RP 6034,,,,,,,,,,,,,,,,,System
4233,4194,,,,,,,,MH12SX2401,,,,,,,,,,,,,,,,,System
4234,4195,,,,,,,,MH16CC5287,,,,,,,,,,,,,,,,,System
4235,4196,,,,,,,,MH13DQ0047,,,,,,,,,,,,,,,,,System
4236,2158,,8,,,,,,MH13CU9428,,,,,,,,,,,,,,,,,System
4237,4197,,8,,,,,,MH12TV4909,,,,,,,,,,,,,,,,,System
4238,4198,,,,,,,,MTO 5981,,,,,,,,,,,,,,,,,System
4239,4199,,6,,,,,,MH14AX6864,,,,,,,,,,,,,,,,,System
4240,4200,,,,,,,,MH42AQ5439,,,,,,,,,,,,,,,,,System
4241,4201,,6,,,,,,MH12AQ4972,,,,,,,,,,,,,,,,,System
4242,4202,,,,,,,,MH12BV4909,,,,,,,,,,,,,,,,,System
4243,4203,,8,,,,,,MH13DQ1199,,,,,,,,,,,,,,,,,System
4244,4204,,6,,,,,,MH12AQ8452,,,,,,,,,,,,,,,,,System
4245,4205,,,,,,,,MH45AF6839,,,,,,,,,,,,,,,,,System
4246,4206,,,,,,,,MH13DQ9496,,,,,,,,,,,,,,,,,System
4247,4207,,6,,,,,,MH14AL6864,,,,,,,,,,,,,,,,,System
4248,4208,,6,,,,,,MH12PV9539,,,,,,,,,,,,,,,,,System
4249,4209,,,,,,,,MH12KR5709,,,,,,,,,,,,,,,,,System
4250,1020,,8,,,,,,MH42BF0960,,,,,,,,,,,,,,,,,System
4251,,,,,,,,,1707/8,,,,,,,,,,,,,,,,,System
4252,4210,,,,,,,,MH42B8222,,,,,,,,,,,,,,,,,System
4253,,,,,,,,,SA3964,,,,,,,,,,,,,,,,,System
5253,,,,,,,,,W,,,,,,,,,,,,,,,,,System
5254,4211,,8,,,,,,MH12TV0880,,,,,,,,,,,,,,,,,System
5255,4213,,,,,,,,MH 45 D 5596,,,,,,,,,,,,,,,,,System
5256,4214,,,,,,,,MH13R2996,,,,,,,,,,,,,,,,,System
5257,4215,,,,,,,,MH12TV9348,,,,,,,,,,,,,,,,,System
5258,4216,,,,,,,,MH12BF0960,,,,,,,,,,,,,,,,,System
5259,4217,,,,,,,,MH12SX3602,,,,,,,,,,,,,,,,,System
5260,4218,,6,,,,,,MH09CU7155,,,,,,,,,,,,,,,,,System
5261,4219,,,,,,,,MH42 M5613,,,,,,,,,,,,,,,,,System
6261,5219,,,,,,,,MH42BF1881,,,,,,,,,,,,,,,,,System
6262,5220,,,,,,,,MH13DQ4350,,,,,,,,,,,,,,,,,System
6263,5221,,8,,,,,,MH45AF5664,,,,,,,,,,,,,,,,,System
6264,5222,,,,,,,,MH42T114,,,,,,,,,,,,,,,,,System
6265,5223,,8,,,,,,MH13DQ4493,,,,,,,,,,,,,,,,,System
6266,5224,,8,,,,,,MH12UM3820,,,,,,,,,,,,,,,,,System
6267,5225,,8,,,,,,MH12TV3967,,,,,,,,,,,,,,,,,System
6268,5226,,8,,,,,,MH10DT1790,,,,,,,,,,,,,,,,,System
6269,5227,,,,,,,,MH12UM8195,,,,,,,,,,,,,,,,,System
6270,5228,,,,,,,,MH 12 UM2827,,,,,,,,,,,,,,,,,System
6271,5229,,,,,,,,MH14JP7804,,,,,,,,,,,,,,,,,System
6272,5230,,,,,,,,MH16CC4102,,,,,,,,,,,,,,,,,System
6273,5231,,8,,,,,,MH13DQ0816,,,,,,,,,,,,,,,,,System
6274,5233,,6,,,,,,MH12HD5577,,,,,,,,,,,,,,,,,System
6275,1115,,8,,,,,,MH45AF8037,,,,,,,,,,,,,,,,,System
6276,5234,,,,,,,,MH42EQ1009,,,,,,,,,,,,,,,,,System
6277,5235,,,,,,,,MH12QW5300,,,,,,,,,,,,,,,,,System
6278,5236,,,,,,,,MH14JP6166,,,,,,,,,,,,,,,,,System
6279,5237,,8,,,,,,MH45AF7468,,,,,,,,,,,,,,,,,System
6280,5238,,8,,,,,,MH42BF1656,,,,,,,,,,,,,,,,,System
6281,5239,,8,,,,,,MH45AF8606,,,,,,,,,,,,,,,,,System
6282,5240,,,,,,,,MH12TV5523,,,,,,,,,,,,,,,,,System
6283,5241,,,,,,,,MH13EB4101,,,,,,,,,,,,,,,,,System
6284,5242,,,,,,,,MH12TV 5523,,,,,,,,,,,,,,,,,System
6285,5243,,,,,,,,MH425M5613,,,,,,,,,,,,,,,,,System
6286,5244,,,,,,,,MHO4CU3126,,,,,,,,,,,,,,,,,System
6287,5245,,5,,,,,,MH11BD4646,,,,,,,,,,,,,,,,,System
6288,5246,,,,,,,,MH13DQ1108,,,,,,,,,,,,,,,,,System
6289,5247,,5,,,,,,MH50N1117,,,,,,,,,,,,,,,,,System
6290,5248,,6,,,,,,MH12LT1285,,,,,,,,,,,,,,,,,System
6291,5249,,5,,,,,,MH42AQ6370,,,,,,,,,,,,,,,,,System
6292,5250,,8,,,,,,MH44Q0896,,,,,,,,,,,,,,,,,System
6293,,,,,,,,,17215,,,,,,,,,,,,,,,,,System
6294,5251,,,,,,,,MH12 VF 5755,,,,,,,,,,,,,,,,,System
6295,5252,,,,,,,,MH12VF5755,,,,,,,,,,,,,,,,,System
6296,,,,,,,,,CC,,,,,,,,,,,,,,,,,System
6297,1003,,8,,,,,,MH12VT5418,,,,,,,,,,,,,,,,,System
6298,5253,,,,,,,,MH04CU3126,,,,,,,,,,,,,,,,,System
6299,5254,,,,,,,,MH42B8767,,,,,,,,,,,,,,,,,System
6300,5255,,8,,,,,,MH11DD4175,,,,,,,,,,,,,,,,,System
6301,5256,,,,,,,,MH43E8826,,,,,,,,,,,,,,,,,System
6302,5257,,,,,,,,MH12QW7164,,,,,,,,,,,,,,,,,System
6303,,,,,,,,,20,,,,,,,,,,,,,,,,,System
6304,,,,,,,,,23,,,,,,,,,,,,,,,,,System
6305,,,,,,,,,32,,,,,,,,,,,,,,,,,System
6306,2175,,8,,,,,,MH12UM5418,,,,,,,,,,,,,,,,,System
